ssfe,c_coherence
15.835717299328909,0.1225918784302794
1.4556175151099797,0.04875536951957077
4.8230884985179285,0.10855023553066354
2.569520700582232,0.10464248117904405
3.3018817693911635,0.11679397010272162