ssfe,e_rank
15.835717299328909,15.243445595503713
1.4556175151099797,24.22596307027526
4.8230884985179285,31.121331271494157
2.569520700582232,40.348564872623875
3.3018817693911635,30.60406845494049