ssfe,r_coherence
15.835717299328909,0.3659206996595439
1.4556175151099797,0.36617496901163693
4.8230884985179285,0.30835325784445394
2.569520700582232,0.33328827773554176
3.3018817693911635,0.264240645195829