ssfe,rank
15.835717299328909,25.0
1.4556175151099797,65.0
4.8230884985179285,57.0
2.569520700582232,69.0
3.3018817693911635,60.0