ssfe,resolution
15.835717299328909,3.081373177239298
1.4556175151099797,4.571218647545431
4.8230884985179285,4.481459622043287
2.569520700582232,3.445556848614095
3.3018817693911635,5.235562727649487