ssfe,s_rank
15.835717299328909,4.54777401004572
1.4556175151099797,5.621722473790834
4.8230884985179285,6.392734048033103
2.569520700582232,7.357235854211051
3.3018817693911635,6.954472408091749