x_pos,y_pos
1000.0,1475.8064516129034
555.5555555555555,1475.8064516129034
1222.2222222222222,1475.8064516129034
777.7777777777778,1475.8064516129034
1888.888888888889,1475.8064516129034
555.5555555555555,991.9354838709678
333.33333333333337,1475.8064516129034
1444.4444444444446,508.0645161290323
1444.4444444444446,1475.8064516129034
111.11111111111111,1475.8064516129034
1666.6666666666667,1475.8064516129034