x_pos,y_pos
777.7777777777778,24.193548387096776
1888.888888888889,24.193548387096776
333.33333333333337,24.193548387096776
1444.4444444444446,24.193548387096776
1000.0,991.9354838709678
555.5555555555555,24.193548387096776
111.11111111111111,24.193548387096776
1666.6666666666667,24.193548387096776
1000.0,24.193548387096776
1222.2222222222222,24.193548387096776
1000.0,508.0645161290323